rule,premise,type2,conclusion
R314,generation-1/evolution-1/type1-grass,poison,generation-1/evolution-1/type1-grass/type2-poison
R315,generation-1/evolution-2/type1-grass,poison,generation-1/evolution-2/type1-grass/type2-poison
R316,generation-1/evolution-3/type1-grass,poison,generation-1/evolution-3/type1-grass/type2-poison
R317,generation-1/evolution-1/type1-fire,aucun,generation-1/evolution-1/type1-fire/type2-aucun
R318,generation-1/evolution-2/type1-fire,aucun,generation-1/evolution-2/type1-fire/type2-aucun
R319,generation-1/evolution-3/type1-fire,flying,generation-1/evolution-3/type1-fire/type2-flying
R320,generation-1/evolution-1/type1-water,aucun,generation-1/evolution-1/type1-water/type2-aucun
R321,generation-1/evolution-2/type1-water,aucun,generation-1/evolution-2/type1-water/type2-aucun
R322,generation-1/evolution-3/type1-water,aucun,generation-1/evolution-3/type1-water/type2-aucun
R323,generation-1/evolution-1/type1-bug,aucun,generation-1/evolution-1/type1-bug/type2-aucun
R324,generation-1/evolution-2/type1-bug,aucun,generation-1/evolution-2/type1-bug/type2-aucun
R325,generation-1/evolution-3/type1-bug,flying,generation-1/evolution-3/type1-bug/type2-flying
R326,generation-1/evolution-1/type1-bug,poison,generation-1/evolution-1/type1-bug/type2-poison
R327,generation-1/evolution-2/type1-bug,poison,generation-1/evolution-2/type1-bug/type2-poison
R328,generation-1/evolution-3/type1-bug,poison,generation-1/evolution-3/type1-bug/type2-poison
R329,generation-1/evolution-1/type1-normal,flying,generation-1/evolution-1/type1-normal/type2-flying
R330,generation-1/evolution-2/type1-normal,flying,generation-1/evolution-2/type1-normal/type2-flying
R331,generation-1/evolution-3/type1-normal,flying,generation-1/evolution-3/type1-normal/type2-flying
R332,generation-1/evolution-1/type1-normal,dark,generation-1/evolution-1/type1-normal/type2-dark
R333,generation-1/evolution-2/type1-normal,dark,generation-1/evolution-2/type1-normal/type2-dark
R334,generation-1/evolution-1/type1-poison,aucun,generation-1/evolution-1/type1-poison/type2-aucun
R335,generation-1/evolution-2/type1-poison,aucun,generation-1/evolution-2/type1-poison/type2-aucun
R336,generation-1/evolution-2/type1-electric,aucun,generation-1/evolution-2/type1-electric/type2-aucun
R337,generation-1/evolution-3/type1-electric,electric,generation-1/evolution-3/type1-electric/type2-electric
R338,generation-1/evolution-1/type1-ground,ice,generation-1/evolution-1/type1-ground/type2-ice
R339,generation-1/evolution-2/type1-ground,ice,generation-1/evolution-2/type1-ground/type2-ice
R340,generation-1/evolution-3/type1-poison,ground,generation-1/evolution-3/type1-poison/type2-ground
R341,generation-1/evolution-2/type1-fairy,aucun,generation-1/evolution-2/type1-fairy/type2-aucun
R342,generation-1/evolution-3/type1-fairy,aucun,generation-1/evolution-3/type1-fairy/type2-aucun
R343,generation-1/evolution-1/type1-fire,ice,generation-1/evolution-1/type1-fire/type2-ice
R344,generation-1/evolution-2/type1-fire,ice,generation-1/evolution-2/type1-fire/type2-ice
R345,generation-1/evolution-2/type1-normal,fairy,generation-1/evolution-2/type1-normal/type2-fairy
R346,generation-1/evolution-3/type1-normal,fairy,generation-1/evolution-3/type1-normal/type2-fairy
R347,generation-1/evolution-1/type1-poison,flying,generation-1/evolution-1/type1-poison/type2-flying
R348,generation-1/evolution-2/type1-poison,flying,generation-1/evolution-2/type1-poison/type2-flying
R349,generation-1/evolution-1/type1-bug,grass,generation-1/evolution-1/type1-bug/type2-grass
R350,generation-1/evolution-2/type1-bug,grass,generation-1/evolution-2/type1-bug/type2-grass
R351,generation-1/evolution-1/type1-ground,ground,generation-1/evolution-1/type1-ground/type2-ground
R352,generation-1/evolution-2/type1-ground,ground,generation-1/evolution-2/type1-ground/type2-ground
R353,generation-1/evolution-1/type1-fighting,aucun,generation-1/evolution-1/type1-fighting/type2-aucun
R354,generation-1/evolution-2/type1-fighting,aucun,generation-1/evolution-2/type1-fighting/type2-aucun
R355,generation-1/evolution-3/type1-water,fighting,generation-1/evolution-3/type1-water/type2-fighting
R356,generation-1/evolution-1/type1-psychic,aucun,generation-1/evolution-1/type1-psychic/type2-aucun
R357,generation-1/evolution-2/type1-psychic,aucun,generation-1/evolution-2/type1-psychic/type2-aucun
R358,generation-1/evolution-3/type1-psychic,aucun,generation-1/evolution-3/type1-psychic/type2-aucun
R359,generation-1/evolution-3/type1-fighting,aucun,generation-1/evolution-3/type1-fighting/type2-aucun
R360,generation-1/evolution-1/type1-water,poison,generation-1/evolution-1/type1-water/type2-poison
R361,generation-1/evolution-2/type1-water,poison,generation-1/evolution-2/type1-water/type2-poison
R362,generation-1/evolution-1/type1-rock,ground,generation-1/evolution-1/type1-rock/type2-ground
R363,generation-1/evolution-2/type1-rock,ground,generation-1/evolution-2/type1-rock/type2-ground
R364,generation-1/evolution-3/type1-rock,ground,generation-1/evolution-3/type1-rock/type2-ground
R365,generation-1/evolution-1/type1-water,psychic,generation-1/evolution-1/type1-water/type2-psychic
R366,generation-1/evolution-2/type1-water,psychic,generation-1/evolution-2/type1-water/type2-psychic
R367,generation-1/evolution-1/type1-electric,steel,generation-1/evolution-1/type1-electric/type2-steel
R368,generation-1/evolution-2/type1-electric,steel,generation-1/evolution-2/type1-electric/type2-steel
R369,generation-1/evolution-2/type1-water,ice,generation-1/evolution-2/type1-water/type2-ice
R370,generation-1/evolution-1/type1-poison,poison,generation-1/evolution-1/type1-poison/type2-poison
R371,generation-1/evolution-2/type1-poison,poison,generation-1/evolution-2/type1-poison/type2-poison
R372,generation-1/evolution-1/type1-ghost,poison,generation-1/evolution-1/type1-ghost/type2-poison
R373,generation-1/evolution-2/type1-ghost,poison,generation-1/evolution-2/type1-ghost/type2-poison
R374,generation-1/evolution-3/type1-ghost,poison,generation-1/evolution-3/type1-ghost/type2-poison
R375,generation-1/evolution-1/type1-electric,aucun,generation-1/evolution-1/type1-electric/type2-aucun
R376,generation-1/evolution-1/type1-grass,psychic,generation-1/evolution-1/type1-grass/type2-psychic
R377,generation-1/evolution-2/type1-grass,psychic,generation-1/evolution-2/type1-grass/type2-psychic
R378,generation-1/evolution-1/type1-ground,aucun,generation-1/evolution-1/type1-ground/type2-aucun
R379,generation-1/evolution-2/type1-ground,fire,generation-1/evolution-2/type1-ground/type2-fire
R380,generation-1/evolution-1/type1-normal,aucun,generation-1/evolution-1/type1-normal/type2-aucun
R381,generation-1/evolution-1/type1-ground,rock,generation-1/evolution-1/type1-ground/type2-rock
R382,generation-1/evolution-2/type1-ground,rock,generation-1/evolution-2/type1-ground/type2-rock
R383,generation-1/evolution-2/type1-normal,aucun,generation-1/evolution-2/type1-normal/type2-aucun
R384,generation-1/evolution-1/type1-grass,aucun,generation-1/evolution-1/type1-grass/type2-aucun
R385,generation-1/evolution-2/type1-psychic,fairy,generation-1/evolution-2/type1-psychic/type2-fairy
R386,generation-1/evolution-1/type1-bug,flying,generation-1/evolution-1/type1-bug/type2-flying
R387,generation-1/evolution-2/type1-ice,psychic,generation-1/evolution-2/type1-ice/type2-psychic
R388,generation-1/evolution-2/type1-water,flying,generation-1/evolution-2/type1-water/type2-flying
R389,generation-1/evolution-1/type1-water,ice,generation-1/evolution-1/type1-water/type2-ice
R390,generation-1/evolution-1/type1-rock,water,generation-1/evolution-1/type1-rock/type2-water
R391,generation-1/evolution-2/type1-rock,water,generation-1/evolution-2/type1-rock/type2-water
R392,generation-1/evolution-1/type1-rock,flying,generation-1/evolution-1/type1-rock/type2-flying
R393,generation-1/evolution-1/type1-ice,flying,generation-1/evolution-1/type1-ice/type2-flying
R394,generation-1/evolution-1/type1-electric,flying,generation-1/evolution-1/type1-electric/type2-flying
R395,generation-1/evolution-1/type1-fire,flying,generation-1/evolution-1/type1-fire/type2-flying
R396,generation-1/evolution-1/type1-dragon,aucun,generation-1/evolution-1/type1-dragon/type2-aucun
R397,generation-1/evolution-2/type1-dragon,aucun,generation-1/evolution-2/type1-dragon/type2-aucun
R398,generation-1/evolution-3/type1-dragon,flying,generation-1/evolution-3/type1-dragon/type2-flying
R399,generation-2/evolution-1/type1-grass,aucun,generation-2/evolution-1/type1-grass/type2-aucun
R400,generation-2/evolution-2/type1-grass,aucun,generation-2/evolution-2/type1-grass/type2-aucun
R401,generation-2/evolution-3/type1-grass,aucun,generation-2/evolution-3/type1-grass/type2-aucun
R402,generation-2/evolution-1/type1-fire,aucun,generation-2/evolution-1/type1-fire/type2-aucun
R403,generation-2/evolution-2/type1-fire,aucun,generation-2/evolution-2/type1-fire/type2-aucun
R404,generation-2/evolution-3/type1-fire,aucun,generation-2/evolution-3/type1-fire/type2-aucun
R405,generation-2/evolution-1/type1-water,aucun,generation-2/evolution-1/type1-water/type2-aucun
R406,generation-2/evolution-2/type1-water,aucun,generation-2/evolution-2/type1-water/type2-aucun
R407,generation-2/evolution-3/type1-water,aucun,generation-2/evolution-3/type1-water/type2-aucun
R408,generation-2/evolution-1/type1-normal,aucun,generation-2/evolution-1/type1-normal/type2-aucun
R409,generation-2/evolution-2/type1-normal,aucun,generation-2/evolution-2/type1-normal/type2-aucun
R410,generation-2/evolution-1/type1-normal,flying,generation-2/evolution-1/type1-normal/type2-flying
R411,generation-2/evolution-2/type1-normal,flying,generation-2/evolution-2/type1-normal/type2-flying
R412,generation-2/evolution-1/type1-bug,flying,generation-2/evolution-1/type1-bug/type2-flying
R413,generation-2/evolution-2/type1-bug,flying,generation-2/evolution-2/type1-bug/type2-flying
R414,generation-2/evolution-1/type1-bug,poison,generation-2/evolution-1/type1-bug/type2-poison
R415,generation-2/evolution-2/type1-bug,poison,generation-2/evolution-2/type1-bug/type2-poison
R416,generation-2/evolution-3/type1-poison,flying,generation-2/evolution-3/type1-poison/type2-flying
R417,generation-2/evolution-1/type1-water,electric,generation-2/evolution-1/type1-water/type2-electric
R418,generation-2/evolution-2/type1-water,electric,generation-2/evolution-2/type1-water/type2-electric
R419,generation-2/evolution-1/type1-electric,aucun,generation-2/evolution-1/type1-electric/type2-aucun
R420,generation-2/evolution-1/type1-fairy,aucun,generation-2/evolution-1/type1-fairy/type2-aucun
R421,generation-2/evolution-1/type1-normal,fairy,generation-2/evolution-1/type1-normal/type2-fairy
R422,generation-2/evolution-2/type1-fairy,flying,generation-2/evolution-2/type1-fairy/type2-flying
R423,generation-2/evolution-1/type1-psychic,flying,generation-2/evolution-1/type1-psychic/type2-flying
R424,generation-2/evolution-2/type1-psychic,flying,generation-2/evolution-2/type1-psychic/type2-flying
R425,generation-2/evolution-2/type1-electric,aucun,generation-2/evolution-2/type1-electric/type2-aucun
R426,generation-2/evolution-3/type1-electric,aucun,generation-2/evolution-3/type1-electric/type2-aucun
R427,generation-2/evolution-2/type1-water,fairy,generation-2/evolution-2/type1-water/type2-fairy
R428,generation-2/evolution-3/type1-water,fairy,generation-2/evolution-3/type1-water/type2-fairy
R429,generation-2/evolution-2/type1-rock,aucun,generation-2/evolution-2/type1-rock/type2-aucun
R430,generation-2/evolution-1/type1-grass,flying,generation-2/evolution-1/type1-grass/type2-flying
R431,generation-2/evolution-2/type1-grass,flying,generation-2/evolution-2/type1-grass/type2-flying
R432,generation-2/evolution-3/type1-grass,flying,generation-2/evolution-3/type1-grass/type2-flying
R433,generation-2/evolution-1/type1-water,ground,generation-2/evolution-1/type1-water/type2-ground
R434,generation-2/evolution-2/type1-water,ground,generation-2/evolution-2/type1-water/type2-ground
R435,generation-2/evolution-2/type1-psychic,aucun,generation-2/evolution-2/type1-psychic/type2-aucun
R436,generation-2/evolution-2/type1-dark,aucun,generation-2/evolution-2/type1-dark/type2-aucun
R437,generation-2/evolution-1/type1-dark,flying,generation-2/evolution-1/type1-dark/type2-flying
R438,generation-2/evolution-2/type1-water,psychic,generation-2/evolution-2/type1-water/type2-psychic
R439,generation-2/evolution-1/type1-ghost,aucun,generation-2/evolution-1/type1-ghost/type2-aucun
R440,generation-2/evolution-1/type1-psychic,aucun,generation-2/evolution-1/type1-psychic/type2-aucun
R441,generation-2/evolution-1/type1-normal,psychic,generation-2/evolution-1/type1-normal/type2-psychic
R442,generation-2/evolution-1/type1-bug,aucun,generation-2/evolution-1/type1-bug/type2-aucun
R443,generation-2/evolution-2/type1-bug,steel,generation-2/evolution-2/type1-bug/type2-steel
R444,generation-2/evolution-1/type1-ground,flying,generation-2/evolution-1/type1-ground/type2-flying
R445,generation-2/evolution-2/type1-steel,ground,generation-2/evolution-2/type1-steel/type2-ground
R446,generation-2/evolution-2/type1-fairy,aucun,generation-2/evolution-2/type1-fairy/type2-aucun
R447,generation-2/evolution-1/type1-water,poison,generation-2/evolution-1/type1-water/type2-poison
R448,generation-2/evolution-1/type1-bug,rock,generation-2/evolution-1/type1-bug/type2-rock
R449,generation-2/evolution-1/type1-bug,fighting,generation-2/evolution-1/type1-bug/type2-fighting
R450,generation-2/evolution-1/type1-dark,ice,generation-2/evolution-1/type1-dark/type2-ice
R451,generation-2/evolution-2/type1-fire,rock,generation-2/evolution-2/type1-fire/type2-rock
R452,generation-2/evolution-1/type1-ice,ground,generation-2/evolution-1/type1-ice/type2-ground
R453,generation-2/evolution-2/type1-ice,ground,generation-2/evolution-2/type1-ice/type2-ground
R454,generation-2/evolution-1/type1-water,rock,generation-2/evolution-1/type1-water/type2-rock
R455,generation-2/evolution-1/type1-ice,flying,generation-2/evolution-1/type1-ice/type2-flying
R456,generation-2/evolution-2/type1-water,flying,generation-2/evolution-2/type1-water/type2-flying
R457,generation-2/evolution-1/type1-steel,flying,generation-2/evolution-1/type1-steel/type2-flying
R458,generation-2/evolution-1/type1-dark,fire,generation-2/evolution-1/type1-dark/type2-fire
R459,generation-2/evolution-2/type1-dark,fire,generation-2/evolution-2/type1-dark/type2-fire
R460,generation-2/evolution-3/type1-water,dragon,generation-2/evolution-3/type1-water/type2-dragon
R461,generation-2/evolution-1/type1-ground,aucun,generation-2/evolution-1/type1-ground/type2-aucun
R462,generation-2/evolution-2/type1-ground,aucun,generation-2/evolution-2/type1-ground/type2-aucun
R463,generation-2/evolution-1/type1-fighting,aucun,generation-2/evolution-1/type1-fighting/type2-aucun
R464,generation-2/evolution-2/type1-fighting,aucun,generation-2/evolution-2/type1-fighting/type2-aucun
R465,generation-2/evolution-1/type1-ice,psychic,generation-2/evolution-1/type1-ice/type2-psychic
R466,generation-2/evolution-3/type1-normal,aucun,generation-2/evolution-3/type1-normal/type2-aucun
R467,generation-2/evolution-1/type1-rock,ground,generation-2/evolution-1/type1-rock/type2-ground
R468,generation-2/evolution-2/type1-rock,ground,generation-2/evolution-2/type1-rock/type2-ground
R469,generation-2/evolution-3/type1-rock,dark,generation-2/evolution-3/type1-rock/type2-dark
R470,generation-2/evolution-1/type1-fire,flying,generation-2/evolution-1/type1-fire/type2-flying
R471,generation-2/evolution-1/type1-psychic,grass,generation-2/evolution-1/type1-psychic/type2-grass
R472,generation-3/evolution-1/type1-grass,aucun,generation-3/evolution-1/type1-grass/type2-aucun
R473,generation-3/evolution-2/type1-grass,aucun,generation-3/evolution-2/type1-grass/type2-aucun
R474,generation-3/evolution-3/type1-grass,aucun,generation-3/evolution-3/type1-grass/type2-aucun
R475,generation-3/evolution-1/type1-fire,aucun,generation-3/evolution-1/type1-fire/type2-aucun
R476,generation-3/evolution-2/type1-fire,fighting,generation-3/evolution-2/type1-fire/type2-fighting
R477,generation-3/evolution-3/type1-fire,fighting,generation-3/evolution-3/type1-fire/type2-fighting
R478,generation-3/evolution-1/type1-water,aucun,generation-3/evolution-1/type1-water/type2-aucun
R479,generation-3/evolution-2/type1-water,ground,generation-3/evolution-2/type1-water/type2-ground
R480,generation-3/evolution-3/type1-water,ground,generation-3/evolution-3/type1-water/type2-ground
R481,generation-3/evolution-1/type1-dark,aucun,generation-3/evolution-1/type1-dark/type2-aucun
R482,generation-3/evolution-2/type1-dark,aucun,generation-3/evolution-2/type1-dark/type2-aucun
R483,generation-3/evolution-1/type1-normal,aucun,generation-3/evolution-1/type1-normal/type2-aucun
R484,generation-3/evolution-2/type1-normal,aucun,generation-3/evolution-2/type1-normal/type2-aucun
R485,generation-3/evolution-1/type1-bug,aucun,generation-3/evolution-1/type1-bug/type2-aucun
R486,generation-3/evolution-2/type1-bug,aucun,generation-3/evolution-2/type1-bug/type2-aucun
R487,generation-3/evolution-3/type1-bug,flying,generation-3/evolution-3/type1-bug/type2-flying
R488,generation-3/evolution-3/type1-bug,poison,generation-3/evolution-3/type1-bug/type2-poison
R489,generation-3/evolution-1/type1-water,grass,generation-3/evolution-1/type1-water/type2-grass
R490,generation-3/evolution-2/type1-water,grass,generation-3/evolution-2/type1-water/type2-grass
R491,generation-3/evolution-3/type1-water,grass,generation-3/evolution-3/type1-water/type2-grass
R492,generation-3/evolution-2/type1-grass,dark,generation-3/evolution-2/type1-grass/type2-dark
R493,generation-3/evolution-3/type1-grass,dark,generation-3/evolution-3/type1-grass/type2-dark
R494,generation-3/evolution-1/type1-normal,flying,generation-3/evolution-1/type1-normal/type2-flying
R495,generation-3/evolution-2/type1-normal,flying,generation-3/evolution-2/type1-normal/type2-flying
R496,generation-3/evolution-1/type1-water,flying,generation-3/evolution-1/type1-water/type2-flying
R497,generation-3/evolution-2/type1-water,flying,generation-3/evolution-2/type1-water/type2-flying
R498,generation-3/evolution-1/type1-psychic,fairy,generation-3/evolution-1/type1-psychic/type2-fairy
R499,generation-3/evolution-2/type1-psychic,fairy,generation-3/evolution-2/type1-psychic/type2-fairy
R500,generation-3/evolution-3/type1-psychic,fairy,generation-3/evolution-3/type1-psychic/type2-fairy
R501,generation-3/evolution-1/type1-bug,water,generation-3/evolution-1/type1-bug/type2-water
R502,generation-3/evolution-2/type1-bug,flying,generation-3/evolution-2/type1-bug/type2-flying
R503,generation-3/evolution-2/type1-grass,fighting,generation-3/evolution-2/type1-grass/type2-fighting
R504,generation-3/evolution-3/type1-normal,aucun,generation-3/evolution-3/type1-normal/type2-aucun
R505,generation-3/evolution-1/type1-bug,ground,generation-3/evolution-1/type1-bug/type2-ground
R506,generation-3/evolution-2/type1-bug,ghost,generation-3/evolution-2/type1-bug/type2-ghost
R507,generation-3/evolution-1/type1-fighting,aucun,generation-3/evolution-1/type1-fighting/type2-aucun
R508,generation-3/evolution-2/type1-fighting,aucun,generation-3/evolution-2/type1-fighting/type2-aucun
R509,generation-3/evolution-1/type1-normal,fairy,generation-3/evolution-1/type1-normal/type2-fairy
R510,generation-3/evolution-1/type1-rock,aucun,generation-3/evolution-1/type1-rock/type2-aucun
R511,generation-3/evolution-1/type1-dark,ghost,generation-3/evolution-1/type1-dark/type2-ghost
R512,generation-3/evolution-1/type1-steel,fairy,generation-3/evolution-1/type1-steel/type2-fairy
R513,generation-3/evolution-1/type1-steel,rock,generation-3/evolution-1/type1-steel/type2-rock
R514,generation-3/evolution-2/type1-steel,rock,generation-3/evolution-2/type1-steel/type2-rock
R515,generation-3/evolution-3/type1-steel,rock,generation-3/evolution-3/type1-steel/type2-rock
R516,generation-3/evolution-1/type1-fighting,psychic,generation-3/evolution-1/type1-fighting/type2-psychic
R517,generation-3/evolution-2/type1-fighting,psychic,generation-3/evolution-2/type1-fighting/type2-psychic
R518,generation-3/evolution-1/type1-electric,aucun,generation-3/evolution-1/type1-electric/type2-aucun
R519,generation-3/evolution-2/type1-electric,aucun,generation-3/evolution-2/type1-electric/type2-aucun
R520,generation-3/evolution-2/type1-grass,poison,generation-3/evolution-2/type1-grass/type2-poison
R521,generation-3/evolution-1/type1-poison,aucun,generation-3/evolution-1/type1-poison/type2-aucun
R522,generation-3/evolution-2/type1-poison,aucun,generation-3/evolution-2/type1-poison/type2-aucun
R523,generation-3/evolution-1/type1-water,dark,generation-3/evolution-1/type1-water/type2-dark
R524,generation-3/evolution-2/type1-water,dark,generation-3/evolution-2/type1-water/type2-dark
R525,generation-3/evolution-2/type1-water,aucun,generation-3/evolution-2/type1-water/type2-aucun
R526,generation-3/evolution-1/type1-fire,ground,generation-3/evolution-1/type1-fire/type2-ground
R527,generation-3/evolution-2/type1-fire,ground,generation-3/evolution-2/type1-fire/type2-ground
R528,generation-3/evolution-1/type1-psychic,aucun,generation-3/evolution-1/type1-psychic/type2-aucun
R529,generation-3/evolution-2/type1-psychic,aucun,generation-3/evolution-2/type1-psychic/type2-aucun
R530,generation-3/evolution-1/type1-ground,aucun,generation-3/evolution-1/type1-ground/type2-aucun
R531,generation-3/evolution-2/type1-ground,dragon,generation-3/evolution-2/type1-ground/type2-dragon
R532,generation-3/evolution-3/type1-ground,dragon,generation-3/evolution-3/type1-ground/type2-dragon
R533,generation-3/evolution-2/type1-dragon,flying,generation-3/evolution-2/type1-dragon/type2-flying
R534,generation-3/evolution-1/type1-rock,psychic,generation-3/evolution-1/type1-rock/type2-psychic
R535,generation-3/evolution-1/type1-water,ground,generation-3/evolution-1/type1-water/type2-ground
R536,generation-3/evolution-1/type1-ground,psychic,generation-3/evolution-1/type1-ground/type2-psychic
R537,generation-3/evolution-2/type1-ground,psychic,generation-3/evolution-2/type1-ground/type2-psychic
R538,generation-3/evolution-1/type1-rock,grass,generation-3/evolution-1/type1-rock/type2-grass
R539,generation-3/evolution-2/type1-rock,grass,generation-3/evolution-2/type1-rock/type2-grass
R540,generation-3/evolution-1/type1-rock,bug,generation-3/evolution-1/type1-rock/type2-bug
R541,generation-3/evolution-2/type1-rock,bug,generation-3/evolution-2/type1-rock/type2-bug
R542,generation-3/evolution-1/type1-ghost,aucun,generation-3/evolution-1/type1-ghost/type2-aucun
R543,generation-3/evolution-2/type1-ghost,aucun,generation-3/evolution-2/type1-ghost/type2-aucun
R544,generation-3/evolution-1/type1-grass,flying,generation-3/evolution-1/type1-grass/type2-flying
R545,generation-3/evolution-1/type1-ice,aucun,generation-3/evolution-1/type1-ice/type2-aucun
R546,generation-3/evolution-2/type1-ice,aucun,generation-3/evolution-2/type1-ice/type2-aucun
R547,generation-3/evolution-1/type1-ice,water,generation-3/evolution-1/type1-ice/type2-water
R548,generation-3/evolution-2/type1-ice,water,generation-3/evolution-2/type1-ice/type2-water
R549,generation-3/evolution-3/type1-ice,water,generation-3/evolution-3/type1-ice/type2-water
R550,generation-3/evolution-1/type1-water,rock,generation-3/evolution-1/type1-water/type2-rock
R551,generation-3/evolution-1/type1-dragon,aucun,generation-3/evolution-1/type1-dragon/type2-aucun
R552,generation-3/evolution-2/type1-dragon,aucun,generation-3/evolution-2/type1-dragon/type2-aucun
R553,generation-3/evolution-3/type1-dragon,flying,generation-3/evolution-3/type1-dragon/type2-flying
R554,generation-3/evolution-1/type1-steel,psychic,generation-3/evolution-1/type1-steel/type2-psychic
R555,generation-3/evolution-2/type1-steel,psychic,generation-3/evolution-2/type1-steel/type2-psychic
R556,generation-3/evolution-3/type1-steel,psychic,generation-3/evolution-3/type1-steel/type2-psychic
R557,generation-3/evolution-1/type1-steel,aucun,generation-3/evolution-1/type1-steel/type2-aucun
R558,generation-3/evolution-1/type1-dragon,psychic,generation-3/evolution-1/type1-dragon/type2-psychic
R559,generation-3/evolution-1/type1-dragon,flying,generation-3/evolution-1/type1-dragon/type2-flying
R560,generation-4/evolution-1/type1-grass,aucun,generation-4/evolution-1/type1-grass/type2-aucun
R561,generation-4/evolution-2/type1-grass,aucun,generation-4/evolution-2/type1-grass/type2-aucun
R562,generation-4/evolution-3/type1-grass,ground,generation-4/evolution-3/type1-grass/type2-ground
R563,generation-4/evolution-1/type1-fire,aucun,generation-4/evolution-1/type1-fire/type2-aucun
R564,generation-4/evolution-2/type1-fire,fighting,generation-4/evolution-2/type1-fire/type2-fighting
R565,generation-4/evolution-3/type1-fire,fighting,generation-4/evolution-3/type1-fire/type2-fighting
R566,generation-4/evolution-1/type1-water,aucun,generation-4/evolution-1/type1-water/type2-aucun
R567,generation-4/evolution-2/type1-water,aucun,generation-4/evolution-2/type1-water/type2-aucun
R568,generation-4/evolution-3/type1-water,steel,generation-4/evolution-3/type1-water/type2-steel
R569,generation-4/evolution-1/type1-normal,flying,generation-4/evolution-1/type1-normal/type2-flying
R570,generation-4/evolution-2/type1-normal,flying,generation-4/evolution-2/type1-normal/type2-flying
R571,generation-4/evolution-3/type1-normal,flying,generation-4/evolution-3/type1-normal/type2-flying
R572,generation-4/evolution-1/type1-normal,aucun,generation-4/evolution-1/type1-normal/type2-aucun
R573,generation-4/evolution-2/type1-normal,water,generation-4/evolution-2/type1-normal/type2-water
R574,generation-4/evolution-1/type1-bug,aucun,generation-4/evolution-1/type1-bug/type2-aucun
R575,generation-4/evolution-2/type1-bug,aucun,generation-4/evolution-2/type1-bug/type2-aucun
R576,generation-4/evolution-1/type1-electric,aucun,generation-4/evolution-1/type1-electric/type2-aucun
R577,generation-4/evolution-2/type1-electric,aucun,generation-4/evolution-2/type1-electric/type2-aucun
R578,generation-4/evolution-3/type1-electric,aucun,generation-4/evolution-3/type1-electric/type2-aucun
R579,generation-4/evolution-1/type1-grass,poison,generation-4/evolution-1/type1-grass/type2-poison
R580,generation-4/evolution-3/type1-grass,poison,generation-4/evolution-3/type1-grass/type2-poison
R581,generation-4/evolution-1/type1-rock,aucun,generation-4/evolution-1/type1-rock/type2-aucun
R582,generation-4/evolution-2/type1-rock,aucun,generation-4/evolution-2/type1-rock/type2-aucun
R583,generation-4/evolution-1/type1-rock,steel,generation-4/evolution-1/type1-rock/type2-steel
R584,generation-4/evolution-2/type1-rock,steel,generation-4/evolution-2/type1-rock/type2-steel
R585,generation-4/evolution-2/type1-bug,grass,generation-4/evolution-2/type1-bug/type2-grass
R586,generation-4/evolution-2/type1-bug,flying,generation-4/evolution-2/type1-bug/type2-flying
R587,generation-4/evolution-1/type1-bug,flying,generation-4/evolution-1/type1-bug/type2-flying
R588,generation-4/evolution-2/type1-water,ground,generation-4/evolution-2/type1-water/type2-ground
R589,generation-4/evolution-2/type1-normal,aucun,generation-4/evolution-2/type1-normal/type2-aucun
R590,generation-4/evolution-1/type1-ghost,flying,generation-4/evolution-1/type1-ghost/type2-flying
R591,generation-4/evolution-2/type1-ghost,flying,generation-4/evolution-2/type1-ghost/type2-flying
R592,generation-4/evolution-2/type1-ghost,aucun,generation-4/evolution-2/type1-ghost/type2-aucun
R593,generation-4/evolution-2/type1-dark,flying,generation-4/evolution-2/type1-dark/type2-flying
R594,generation-4/evolution-1/type1-psychic,aucun,generation-4/evolution-1/type1-psychic/type2-aucun
R595,generation-4/evolution-1/type1-poison,dark,generation-4/evolution-1/type1-poison/type2-dark
R596,generation-4/evolution-2/type1-poison,dark,generation-4/evolution-2/type1-poison/type2-dark
R597,generation-4/evolution-1/type1-steel,psychic,generation-4/evolution-1/type1-steel/type2-psychic
R598,generation-4/evolution-2/type1-steel,psychic,generation-4/evolution-2/type1-steel/type2-psychic
R599,generation-4/evolution-1/type1-psychic,fairy,generation-4/evolution-1/type1-psychic/type2-fairy
R600,generation-4/evolution-1/type1-ghost,dark,generation-4/evolution-1/type1-ghost/type2-dark
R601,generation-4/evolution-1/type1-dragon,ground,generation-4/evolution-1/type1-dragon/type2-ground
R602,generation-4/evolution-2/type1-dragon,ground,generation-4/evolution-2/type1-dragon/type2-ground
R603,generation-4/evolution-3/type1-dragon,ground,generation-4/evolution-3/type1-dragon/type2-ground
R604,generation-4/evolution-1/type1-fighting,aucun,generation-4/evolution-1/type1-fighting/type2-aucun
R605,generation-4/evolution-2/type1-fighting,steel,generation-4/evolution-2/type1-fighting/type2-steel
R606,generation-4/evolution-1/type1-ground,aucun,generation-4/evolution-1/type1-ground/type2-aucun
R607,generation-4/evolution-2/type1-ground,aucun,generation-4/evolution-2/type1-ground/type2-aucun
R608,generation-4/evolution-1/type1-poison,bug,generation-4/evolution-1/type1-poison/type2-bug
R609,generation-4/evolution-1/type1-poison,fighting,generation-4/evolution-1/type1-poison/type2-fighting
R610,generation-4/evolution-2/type1-poison,fighting,generation-4/evolution-2/type1-poison/type2-fighting
R611,generation-4/evolution-1/type1-water,flying,generation-4/evolution-1/type1-water/type2-flying
R612,generation-4/evolution-1/type1-grass,ice,generation-4/evolution-1/type1-grass/type2-ice
R613,generation-4/evolution-2/type1-grass,ice,generation-4/evolution-2/type1-grass/type2-ice
R614,generation-4/evolution-2/type1-dark,ice,generation-4/evolution-2/type1-dark/type2-ice
R615,generation-4/evolution-3/type1-electric,steel,generation-4/evolution-3/type1-electric/type2-steel
R616,generation-4/evolution-3/type1-ground,rock,generation-4/evolution-3/type1-ground/type2-rock
R617,generation-4/evolution-3/type1-fire,aucun,generation-4/evolution-3/type1-fire/type2-aucun
R618,generation-4/evolution-3/type1-fairy,flying,generation-4/evolution-3/type1-fairy/type2-flying
R619,generation-4/evolution-2/type1-ice,aucun,generation-4/evolution-2/type1-ice/type2-aucun
R620,generation-4/evolution-2/type1-ground,flying,generation-4/evolution-2/type1-ground/type2-flying
R621,generation-4/evolution-3/type1-ice,ground,generation-4/evolution-3/type1-ice/type2-ground
R622,generation-4/evolution-3/type1-normal,aucun,generation-4/evolution-3/type1-normal/type2-aucun
R623,generation-4/evolution-3/type1-psychic,fighting,generation-4/evolution-3/type1-psychic/type2-fighting
R624,generation-4/evolution-3/type1-ghost,aucun,generation-4/evolution-3/type1-ghost/type2-aucun
R625,generation-4/evolution-2/type1-ice,ghost,generation-4/evolution-2/type1-ice/type2-ghost
R626,generation-4/evolution-1/type1-electric,ghost,generation-4/evolution-1/type1-electric/type2-ghost
R627,generation-4/evolution-1/type1-steel,dragon,generation-4/evolution-1/type1-steel/type2-dragon
R628,generation-4/evolution-1/type1-water,dragon,generation-4/evolution-1/type1-water/type2-dragon
R629,generation-4/evolution-1/type1-fire,steel,generation-4/evolution-1/type1-fire/type2-steel
R630,generation-4/evolution-1/type1-ghost,dragon,generation-4/evolution-1/type1-ghost/type2-dragon
R631,generation-4/evolution-1/type1-dark,aucun,generation-4/evolution-1/type1-dark/type2-aucun
R632,generation-4/evolution-1/type1-grass,grass,generation-4/evolution-1/type1-grass/type2-grass
R633,generation-5/evolution-1/type1-psychic,fire,generation-5/evolution-1/type1-psychic/type2-fire
R634,generation-5/evolution-1/type1-grass,aucun,generation-5/evolution-1/type1-grass/type2-aucun
R635,generation-5/evolution-2/type1-grass,aucun,generation-5/evolution-2/type1-grass/type2-aucun
R636,generation-5/evolution-3/type1-grass,aucun,generation-5/evolution-3/type1-grass/type2-aucun
R637,generation-5/evolution-1/type1-fire,aucun,generation-5/evolution-1/type1-fire/type2-aucun
R638,generation-5/evolution-2/type1-fire,fighting,generation-5/evolution-2/type1-fire/type2-fighting
R639,generation-5/evolution-3/type1-fire,fighting,generation-5/evolution-3/type1-fire/type2-fighting
R640,generation-5/evolution-1/type1-water,aucun,generation-5/evolution-1/type1-water/type2-aucun
R641,generation-5/evolution-2/type1-water,aucun,generation-5/evolution-2/type1-water/type2-aucun
R642,generation-5/evolution-3/type1-water,aucun,generation-5/evolution-3/type1-water/type2-aucun
R643,generation-5/evolution-1/type1-normal,aucun,generation-5/evolution-1/type1-normal/type2-aucun
R644,generation-5/evolution-2/type1-normal,aucun,generation-5/evolution-2/type1-normal/type2-aucun
R645,generation-5/evolution-3/type1-normal,aucun,generation-5/evolution-3/type1-normal/type2-aucun
R646,generation-5/evolution-1/type1-dark,aucun,generation-5/evolution-1/type1-dark/type2-aucun
R647,generation-5/evolution-2/type1-dark,aucun,generation-5/evolution-2/type1-dark/type2-aucun
R648,generation-5/evolution-2/type1-fire,aucun,generation-5/evolution-2/type1-fire/type2-aucun
R649,generation-5/evolution-1/type1-psychic,aucun,generation-5/evolution-1/type1-psychic/type2-aucun
R650,generation-5/evolution-2/type1-psychic,aucun,generation-5/evolution-2/type1-psychic/type2-aucun
R651,generation-5/evolution-1/type1-normal,flying,generation-5/evolution-1/type1-normal/type2-flying
R652,generation-5/evolution-2/type1-normal,flying,generation-5/evolution-2/type1-normal/type2-flying
R653,generation-5/evolution-3/type1-normal,flying,generation-5/evolution-3/type1-normal/type2-flying
R654,generation-5/evolution-1/type1-electric,aucun,generation-5/evolution-1/type1-electric/type2-aucun
R655,generation-5/evolution-2/type1-electric,aucun,generation-5/evolution-2/type1-electric/type2-aucun
R656,generation-5/evolution-1/type1-rock,aucun,generation-5/evolution-1/type1-rock/type2-aucun
R657,generation-5/evolution-2/type1-rock,aucun,generation-5/evolution-2/type1-rock/type2-aucun
R658,generation-5/evolution-3/type1-rock,aucun,generation-5/evolution-3/type1-rock/type2-aucun
R659,generation-5/evolution-1/type1-psychic,flying,generation-5/evolution-1/type1-psychic/type2-flying
R660,generation-5/evolution-2/type1-psychic,flying,generation-5/evolution-2/type1-psychic/type2-flying
R661,generation-5/evolution-1/type1-ground,aucun,generation-5/evolution-1/type1-ground/type2-aucun
R662,generation-5/evolution-2/type1-ground,steel,generation-5/evolution-2/type1-ground/type2-steel
R663,generation-5/evolution-1/type1-fighting,aucun,generation-5/evolution-1/type1-fighting/type2-aucun
R664,generation-5/evolution-2/type1-fighting,aucun,generation-5/evolution-2/type1-fighting/type2-aucun
R665,generation-5/evolution-3/type1-fighting,aucun,generation-5/evolution-3/type1-fighting/type2-aucun
R666,generation-5/evolution-2/type1-water,ground,generation-5/evolution-2/type1-water/type2-ground
R667,generation-5/evolution-3/type1-water,ground,generation-5/evolution-3/type1-water/type2-ground
R668,generation-5/evolution-1/type1-bug,grass,generation-5/evolution-1/type1-bug/type2-grass
R669,generation-5/evolution-2/type1-bug,grass,generation-5/evolution-2/type1-bug/type2-grass
R670,generation-5/evolution-3/type1-bug,grass,generation-5/evolution-3/type1-bug/type2-grass
R671,generation-5/evolution-1/type1-bug,poison,generation-5/evolution-1/type1-bug/type2-poison
R672,generation-5/evolution-2/type1-bug,poison,generation-5/evolution-2/type1-bug/type2-poison
R673,generation-5/evolution-3/type1-bug,poison,generation-5/evolution-3/type1-bug/type2-poison
R674,generation-5/evolution-1/type1-grass,fairy,generation-5/evolution-1/type1-grass/type2-fairy
R675,generation-5/evolution-2/type1-grass,fairy,generation-5/evolution-2/type1-grass/type2-fairy
R676,generation-5/evolution-1/type1-ground,dark,generation-5/evolution-1/type1-ground/type2-dark
R677,generation-5/evolution-2/type1-ground,dark,generation-5/evolution-2/type1-ground/type2-dark
R678,generation-5/evolution-3/type1-ground,dark,generation-5/evolution-3/type1-ground/type2-dark
R679,generation-5/evolution-2/type1-fire,fire,generation-5/evolution-2/type1-fire/type2-fire
R680,generation-5/evolution-1/type1-bug,rock,generation-5/evolution-1/type1-bug/type2-rock
R681,generation-5/evolution-2/type1-bug,rock,generation-5/evolution-2/type1-bug/type2-rock
R682,generation-5/evolution-1/type1-dark,fighting,generation-5/evolution-1/type1-dark/type2-fighting
R683,generation-5/evolution-2/type1-dark,fighting,generation-5/evolution-2/type1-dark/type2-fighting
R684,generation-5/evolution-1/type1-ghost,aucun,generation-5/evolution-1/type1-ghost/type2-aucun
R685,generation-5/evolution-2/type1-ghost,aucun,generation-5/evolution-2/type1-ghost/type2-aucun
R686,generation-5/evolution-1/type1-water,rock,generation-5/evolution-1/type1-water/type2-rock
R687,generation-5/evolution-2/type1-water,rock,generation-5/evolution-2/type1-water/type2-rock
R688,generation-5/evolution-1/type1-rock,flying,generation-5/evolution-1/type1-rock/type2-flying
R689,generation-5/evolution-2/type1-rock,flying,generation-5/evolution-2/type1-rock/type2-flying
R690,generation-5/evolution-1/type1-poison,aucun,generation-5/evolution-1/type1-poison/type2-aucun
R691,generation-5/evolution-2/type1-poison,aucun,generation-5/evolution-2/type1-poison/type2-aucun
R692,generation-5/evolution-3/type1-psychic,aucun,generation-5/evolution-3/type1-psychic/type2-aucun
R693,generation-5/evolution-1/type1-water,flying,generation-5/evolution-1/type1-water/type2-flying
R694,generation-5/evolution-2/type1-water,flying,generation-5/evolution-2/type1-water/type2-flying
R695,generation-5/evolution-1/type1-ice,aucun,generation-5/evolution-1/type1-ice/type2-aucun
R696,generation-5/evolution-2/type1-ice,aucun,generation-5/evolution-2/type1-ice/type2-aucun
R697,generation-5/evolution-3/type1-ice,aucun,generation-5/evolution-3/type1-ice/type2-aucun
R698,generation-5/evolution-1/type1-normal,grass,generation-5/evolution-1/type1-normal/type2-grass
R699,generation-5/evolution-2/type1-normal,grass,generation-5/evolution-2/type1-normal/type2-grass
R700,generation-5/evolution-1/type1-electric,flying,generation-5/evolution-1/type1-electric/type2-flying
R701,generation-5/evolution-1/type1-bug,aucun,generation-5/evolution-1/type1-bug/type2-aucun
R702,generation-5/evolution-2/type1-bug,steel,generation-5/evolution-2/type1-bug/type2-steel
R703,generation-5/evolution-1/type1-grass,poison,generation-5/evolution-1/type1-grass/type2-poison
R704,generation-5/evolution-2/type1-grass,poison,generation-5/evolution-2/type1-grass/type2-poison
R705,generation-5/evolution-1/type1-water,ghost,generation-5/evolution-1/type1-water/type2-ghost
R706,generation-5/evolution-2/type1-water,ghost,generation-5/evolution-2/type1-water/type2-ghost
R707,generation-5/evolution-1/type1-bug,electric,generation-5/evolution-1/type1-bug/type2-electric
R708,generation-5/evolution-2/type1-bug,electric,generation-5/evolution-2/type1-bug/type2-electric
R709,generation-5/evolution-1/type1-grass,steel,generation-5/evolution-1/type1-grass/type2-steel
R710,generation-5/evolution-2/type1-grass,steel,generation-5/evolution-2/type1-grass/type2-steel
R711,generation-5/evolution-1/type1-steel,aucun,generation-5/evolution-1/type1-steel/type2-aucun
R712,generation-5/evolution-2/type1-steel,aucun,generation-5/evolution-2/type1-steel/type2-aucun
R713,generation-5/evolution-3/type1-steel,aucun,generation-5/evolution-3/type1-steel/type2-aucun
R714,generation-5/evolution-3/type1-electric,aucun,generation-5/evolution-3/type1-electric/type2-aucun
R715,generation-5/evolution-1/type1-ghost,fire,generation-5/evolution-1/type1-ghost/type2-fire
R716,generation-5/evolution-2/type1-ghost,fire,generation-5/evolution-2/type1-ghost/type2-fire
R717,generation-5/evolution-3/type1-ghost,fire,generation-5/evolution-3/type1-ghost/type2-fire
R718,generation-5/evolution-1/type1-dragon,aucun,generation-5/evolution-1/type1-dragon/type2-aucun
R719,generation-5/evolution-2/type1-dragon,aucun,generation-5/evolution-2/type1-dragon/type2-aucun
R720,generation-5/evolution-3/type1-dragon,aucun,generation-5/evolution-3/type1-dragon/type2-aucun
R721,generation-5/evolution-2/type1-bug,aucun,generation-5/evolution-2/type1-bug/type2-aucun
R722,generation-5/evolution-1/type1-ground,electric,generation-5/evolution-1/type1-ground/type2-electric
R723,generation-5/evolution-1/type1-ground,ghost,generation-5/evolution-1/type1-ground/type2-ghost
R724,generation-5/evolution-2/type1-ground,ghost,generation-5/evolution-2/type1-ground/type2-ghost
R725,generation-5/evolution-1/type1-dark,steel,generation-5/evolution-1/type1-dark/type2-steel
R726,generation-5/evolution-2/type1-dark,steel,generation-5/evolution-2/type1-dark/type2-steel
R727,generation-5/evolution-1/type1-dark,flying,generation-5/evolution-1/type1-dark/type2-flying
R728,generation-5/evolution-2/type1-dark,flying,generation-5/evolution-2/type1-dark/type2-flying
R729,generation-5/evolution-1/type1-bug,steel,generation-5/evolution-1/type1-bug/type2-steel
R730,generation-5/evolution-1/type1-dark,dragon,generation-5/evolution-1/type1-dark/type2-dragon
R731,generation-5/evolution-2/type1-dark,dragon,generation-5/evolution-2/type1-dark/type2-dragon
R732,generation-5/evolution-3/type1-dark,dragon,generation-5/evolution-3/type1-dark/type2-dragon
R733,generation-5/evolution-1/type1-bug,fire,generation-5/evolution-1/type1-bug/type2-fire
R734,generation-5/evolution-2/type1-bug,fire,generation-5/evolution-2/type1-bug/type2-fire
R735,generation-5/evolution-1/type1-steel,fighting,generation-5/evolution-1/type1-steel/type2-fighting
R736,generation-5/evolution-1/type1-rock,fighting,generation-5/evolution-1/type1-rock/type2-fighting
R737,generation-5/evolution-1/type1-grass,fighting,generation-5/evolution-1/type1-grass/type2-fighting
R738,generation-5/evolution-1/type1-flying,aucun,generation-5/evolution-1/type1-flying/type2-aucun
R739,generation-5/evolution-1/type1-dragon,fire,generation-5/evolution-1/type1-dragon/type2-fire
R740,generation-5/evolution-1/type1-dragon,electric,generation-5/evolution-1/type1-dragon/type2-electric
R741,generation-5/evolution-1/type1-ground,flying,generation-5/evolution-1/type1-ground/type2-flying
R742,generation-5/evolution-1/type1-dragon,ice,generation-5/evolution-1/type1-dragon/type2-ice
R743,generation-5/evolution-1/type1-water,fighting,generation-5/evolution-1/type1-water/type2-fighting
R744,generation-5/evolution-1/type1-normal,psychic,generation-5/evolution-1/type1-normal/type2-psychic
R745,generation-6/evolution-1/type1-grass,aucun,generation-6/evolution-1/type1-grass/type2-aucun
R746,generation-6/evolution-2/type1-grass,aucun,generation-6/evolution-2/type1-grass/type2-aucun
R747,generation-6/evolution-3/type1-grass,fighting,generation-6/evolution-3/type1-grass/type2-fighting
R748,generation-6/evolution-1/type1-fire,aucun,generation-6/evolution-1/type1-fire/type2-aucun
R749,generation-6/evolution-2/type1-fire,aucun,generation-6/evolution-2/type1-fire/type2-aucun
R750,generation-6/evolution-3/type1-fire,psychic,generation-6/evolution-3/type1-fire/type2-psychic
R751,generation-6/evolution-1/type1-water,aucun,generation-6/evolution-1/type1-water/type2-aucun
R752,generation-6/evolution-2/type1-water,aucun,generation-6/evolution-2/type1-water/type2-aucun
R753,generation-6/evolution-3/type1-water,dark,generation-6/evolution-3/type1-water/type2-dark
R754,generation-6/evolution-1/type1-normal,aucun,generation-6/evolution-1/type1-normal/type2-aucun
R755,generation-6/evolution-2/type1-normal,ground,generation-6/evolution-2/type1-normal/type2-ground
R756,generation-6/evolution-1/type1-normal,flying,generation-6/evolution-1/type1-normal/type2-flying
R757,generation-6/evolution-2/type1-fire,flying,generation-6/evolution-2/type1-fire/type2-flying
R758,generation-6/evolution-3/type1-fire,flying,generation-6/evolution-3/type1-fire/type2-flying
R759,generation-6/evolution-1/type1-bug,aucun,generation-6/evolution-1/type1-bug/type2-aucun
R760,generation-6/evolution-2/type1-bug,aucun,generation-6/evolution-2/type1-bug/type2-aucun
R761,generation-6/evolution-3/type1-bug,flying,generation-6/evolution-3/type1-bug/type2-flying
R762,generation-6/evolution-1/type1-fire,normal,generation-6/evolution-1/type1-fire/type2-normal
R763,generation-6/evolution-2/type1-fire,normal,generation-6/evolution-2/type1-fire/type2-normal
R764,generation-6/evolution-1/type1-fairy,aucun,generation-6/evolution-1/type1-fairy/type2-aucun
R765,generation-6/evolution-2/type1-fairy,aucun,generation-6/evolution-2/type1-fairy/type2-aucun
R766,generation-6/evolution-3/type1-fairy,aucun,generation-6/evolution-3/type1-fairy/type2-aucun
R767,generation-6/evolution-1/type1-fighting,aucun,generation-6/evolution-1/type1-fighting/type2-aucun
R768,generation-6/evolution-2/type1-fighting,dark,generation-6/evolution-2/type1-fighting/type2-dark
R769,generation-6/evolution-1/type1-psychic,aucun,generation-6/evolution-1/type1-psychic/type2-aucun
R770,generation-6/evolution-2/type1-psychic,aucun,generation-6/evolution-2/type1-psychic/type2-aucun
R771,generation-6/evolution-1/type1-steel,ghost,generation-6/evolution-1/type1-steel/type2-ghost
R772,generation-6/evolution-2/type1-steel,ghost,generation-6/evolution-2/type1-steel/type2-ghost
R773,generation-6/evolution-3/type1-steel,ghost,generation-6/evolution-3/type1-steel/type2-ghost
R774,generation-6/evolution-1/type1-dark,psychic,generation-6/evolution-1/type1-dark/type2-psychic
R775,generation-6/evolution-2/type1-dark,psychic,generation-6/evolution-2/type1-dark/type2-psychic
R776,generation-6/evolution-1/type1-rock,water,generation-6/evolution-1/type1-rock/type2-water
R777,generation-6/evolution-2/type1-rock,water,generation-6/evolution-2/type1-rock/type2-water
R778,generation-6/evolution-1/type1-poison,water,generation-6/evolution-1/type1-poison/type2-water
R779,generation-6/evolution-2/type1-poison,dragon,generation-6/evolution-2/type1-poison/type2-dragon
R780,generation-6/evolution-1/type1-electric,normal,generation-6/evolution-1/type1-electric/type2-normal
R781,generation-6/evolution-2/type1-electric,normal,generation-6/evolution-2/type1-electric/type2-normal
R782,generation-6/evolution-1/type1-rock,dragon,generation-6/evolution-1/type1-rock/type2-dragon
R783,generation-6/evolution-2/type1-rock,dragon,generation-6/evolution-2/type1-rock/type2-dragon
R784,generation-6/evolution-1/type1-rock,ice,generation-6/evolution-1/type1-rock/type2-ice
R785,generation-6/evolution-2/type1-rock,ice,generation-6/evolution-2/type1-rock/type2-ice
R786,generation-6/evolution-1/type1-fighting,flying,generation-6/evolution-1/type1-fighting/type2-flying
R787,generation-6/evolution-1/type1-electric,fairy,generation-6/evolution-1/type1-electric/type2-fairy
R788,generation-6/evolution-1/type1-rock,fairy,generation-6/evolution-1/type1-rock/type2-fairy
R789,generation-6/evolution-1/type1-dragon,aucun,generation-6/evolution-1/type1-dragon/type2-aucun
R790,generation-6/evolution-2/type1-dragon,aucun,generation-6/evolution-2/type1-dragon/type2-aucun
R791,generation-6/evolution-3/type1-dragon,aucun,generation-6/evolution-3/type1-dragon/type2-aucun
R792,generation-6/evolution-1/type1-steel,fairy,generation-6/evolution-1/type1-steel/type2-fairy
R793,generation-6/evolution-1/type1-ghost,grass,generation-6/evolution-1/type1-ghost/type2-grass
R794,generation-6/evolution-2/type1-ghost,grass,generation-6/evolution-2/type1-ghost/type2-grass
R795,generation-6/evolution-1/type1-ice,aucun,generation-6/evolution-1/type1-ice/type2-aucun
R796,generation-6/evolution-2/type1-ice,aucun,generation-6/evolution-2/type1-ice/type2-aucun
R797,generation-6/evolution-1/type1-flying,dragon,generation-6/evolution-1/type1-flying/type2-dragon
R798,generation-6/evolution-2/type1-flying,dragon,generation-6/evolution-2/type1-flying/type2-dragon
R799,generation-6/evolution-1/type1-dark,flying,generation-6/evolution-1/type1-dark/type2-flying
R800,generation-6/evolution-1/type1-dragon,ground,generation-6/evolution-1/type1-dragon/type2-ground
R801,generation-6/evolution-1/type1-psychic,ghost,generation-6/evolution-1/type1-psychic/type2-ghost
R802,generation-6/evolution-1/type1-fire,water,generation-6/evolution-1/type1-fire/type2-water
R803,generation-7/evolution-1/type1-grass,flying,generation-7/evolution-1/type1-grass/type2-flying
R804,generation-7/evolution-2/type1-grass,flying,generation-7/evolution-2/type1-grass/type2-flying
R805,generation-7/evolution-3/type1-grass,ghost,generation-7/evolution-3/type1-grass/type2-ghost
R806,generation-7/evolution-1/type1-fire,aucun,generation-7/evolution-1/type1-fire/type2-aucun
R807,generation-7/evolution-2/type1-fire,aucun,generation-7/evolution-2/type1-fire/type2-aucun
R808,generation-7/evolution-3/type1-fire,dark,generation-7/evolution-3/type1-fire/type2-dark
R809,generation-7/evolution-1/type1-water,aucun,generation-7/evolution-1/type1-water/type2-aucun
R810,generation-7/evolution-2/type1-water,aucun,generation-7/evolution-2/type1-water/type2-aucun
R811,generation-7/evolution-3/type1-water,fairy,generation-7/evolution-3/type1-water/type2-fairy
R812,generation-7/evolution-1/type1-normal,flying,generation-7/evolution-1/type1-normal/type2-flying
R813,generation-7/evolution-2/type1-normal,flying,generation-7/evolution-2/type1-normal/type2-flying
R814,generation-7/evolution-3/type1-normal,flying,generation-7/evolution-3/type1-normal/type2-flying
R815,generation-7/evolution-1/type1-normal,aucun,generation-7/evolution-1/type1-normal/type2-aucun
R816,generation-7/evolution-2/type1-normal,aucun,generation-7/evolution-2/type1-normal/type2-aucun
R817,generation-7/evolution-1/type1-bug,aucun,generation-7/evolution-1/type1-bug/type2-aucun
R818,generation-7/evolution-2/type1-bug,electric,generation-7/evolution-2/type1-bug/type2-electric
R819,generation-7/evolution-3/type1-bug,electric,generation-7/evolution-3/type1-bug/type2-electric
R820,generation-7/evolution-1/type1-fighting,aucun,generation-7/evolution-1/type1-fighting/type2-aucun
R821,generation-7/evolution-2/type1-fighting,ice,generation-7/evolution-2/type1-fighting/type2-ice
R822,generation-7/evolution-1/type1-fire,flying,generation-7/evolution-1/type1-fire/type2-flying
R823,generation-7/evolution-1/type1-bug,fairy,generation-7/evolution-1/type1-bug/type2-fairy
R824,generation-7/evolution-2/type1-bug,fairy,generation-7/evolution-2/type1-bug/type2-fairy
R825,generation-7/evolution-1/type1-rock,aucun,generation-7/evolution-1/type1-rock/type2-aucun
R826,generation-7/evolution-2/type1-rock,aucun,generation-7/evolution-2/type1-rock/type2-aucun
R827,generation-7/evolution-1/type1-poison,water,generation-7/evolution-1/type1-poison/type2-water
R828,generation-7/evolution-2/type1-poison,water,generation-7/evolution-2/type1-poison/type2-water
R829,generation-7/evolution-1/type1-ground,aucun,generation-7/evolution-1/type1-ground/type2-aucun
R830,generation-7/evolution-2/type1-ground,aucun,generation-7/evolution-2/type1-ground/type2-aucun
R831,generation-7/evolution-1/type1-water,bug,generation-7/evolution-1/type1-water/type2-bug
R832,generation-7/evolution-2/type1-water,bug,generation-7/evolution-2/type1-water/type2-bug
R833,generation-7/evolution-1/type1-grass,aucun,generation-7/evolution-1/type1-grass/type2-aucun
R834,generation-7/evolution-2/type1-grass,aucun,generation-7/evolution-2/type1-grass/type2-aucun
R835,generation-7/evolution-1/type1-grass,fairy,generation-7/evolution-1/type1-grass/type2-fairy
R836,generation-7/evolution-2/type1-grass,fairy,generation-7/evolution-2/type1-grass/type2-fairy
R837,generation-7/evolution-1/type1-poison,fire,generation-7/evolution-1/type1-poison/type2-fire
R838,generation-7/evolution-2/type1-poison,fire,generation-7/evolution-2/type1-poison/type2-fire
R839,generation-7/evolution-1/type1-normal,fighting,generation-7/evolution-1/type1-normal/type2-fighting
R840,generation-7/evolution-2/type1-normal,fighting,generation-7/evolution-2/type1-normal/type2-fighting
R841,generation-7/evolution-3/type1-grass,aucun,generation-7/evolution-3/type1-grass/type2-aucun
R842,generation-7/evolution-1/type1-fairy,aucun,generation-7/evolution-1/type1-fairy/type2-aucun
R843,generation-7/evolution-1/type1-normal,psychic,generation-7/evolution-1/type1-normal/type2-psychic
R844,generation-7/evolution-1/type1-bug,water,generation-7/evolution-1/type1-bug/type2-water
R845,generation-7/evolution-2/type1-bug,water,generation-7/evolution-2/type1-bug/type2-water
R846,generation-7/evolution-1/type1-ghost,ground,generation-7/evolution-1/type1-ghost/type2-ground
R847,generation-7/evolution-2/type1-ghost,ground,generation-7/evolution-2/type1-ghost/type2-ground
R848,generation-7/evolution-1/type1-rock,flying,generation-7/evolution-1/type1-rock/type2-flying
R849,generation-7/evolution-1/type1-fire,dragon,generation-7/evolution-1/type1-fire/type2-dragon
R850,generation-7/evolution-1/type1-electric,steel,generation-7/evolution-1/type1-electric/type2-steel
R851,generation-7/evolution-1/type1-ghost,fairy,generation-7/evolution-1/type1-ghost/type2-fairy
R852,generation-7/evolution-1/type1-water,psychic,generation-7/evolution-1/type1-water/type2-psychic
R853,generation-7/evolution-1/type1-normal,dragon,generation-7/evolution-1/type1-normal/type2-dragon
R854,generation-7/evolution-1/type1-ghost,grass,generation-7/evolution-1/type1-ghost/type2-grass
R855,generation-7/evolution-1/type1-dragon,aucun,generation-7/evolution-1/type1-dragon/type2-aucun
R856,generation-7/evolution-2/type1-dragon,fighting,generation-7/evolution-2/type1-dragon/type2-fighting
R857,generation-7/evolution-3/type1-dragon,fighting,generation-7/evolution-3/type1-dragon/type2-fighting
R858,generation-7/evolution-1/type1-electric,fairy,generation-7/evolution-1/type1-electric/type2-fairy
R859,generation-7/evolution-1/type1-psychic,fairy,generation-7/evolution-1/type1-psychic/type2-fairy
R860,generation-7/evolution-1/type1-water,fairy,generation-7/evolution-1/type1-water/type2-fairy
R861,generation-7/evolution-1/type1-psychic,aucun,generation-7/evolution-1/type1-psychic/type2-aucun
R862,generation-7/evolution-2/type1-psychic,aucun,generation-7/evolution-2/type1-psychic/type2-aucun
R863,generation-7/evolution-3/type1-psychic,steel,generation-7/evolution-3/type1-psychic/type2-steel
R864,generation-7/evolution-3/type1-psychic,ghost,generation-7/evolution-3/type1-psychic/type2-ghost
R865,generation-7/evolution-1/type1-rock,poison,generation-7/evolution-1/type1-rock/type2-poison
R866,generation-7/evolution-1/type1-bug,fighting,generation-7/evolution-1/type1-bug/type2-fighting
R867,generation-7/evolution-1/type1-electric,aucun,generation-7/evolution-1/type1-electric/type2-aucun
R868,generation-7/evolution-1/type1-steel,flying,generation-7/evolution-1/type1-steel/type2-flying
R869,generation-7/evolution-1/type1-grass,steel,generation-7/evolution-1/type1-grass/type2-steel
R870,generation-7/evolution-1/type1-dark,dragon,generation-7/evolution-1/type1-dark/type2-dragon
R871,generation-7/evolution-1/type1-steel,fairy,generation-7/evolution-1/type1-steel/type2-fairy
